<?xml version="1.0"?>
<!--MultiWiiWinGUI, Version 2.3.5160.23771-->
<!--GUI Settings-->
<!--Do not change this file manually, unless you know what are you doing-->
<PARAMETERS>
    <FCVERSION value="23" />
    <LOGFOLDER value="F:\Arduino+Projet+Processing\Projet drone\MultiWii\WinGUI_2.3pre10b71\WinGUI_2.3pre10(b7)\Logs" />
    <CAPTUREFOLDER value="F:\Arduino+Projet+Processing\Projet drone\MultiWii\WinGUI_2.3pre10b71\WinGUI_2.3pre10(b7)\Captures" />
    <SETTINGSFOLDER value="F:\Arduino+Projet+Processing\Projet drone\MultiWii\WinGUI_2.3pre10b71\WinGUI_2.3pre10(b7)\Settings" />
    <LOGATCONNECT value="False" />
    <SERIALPORT value="COM6" />
    <SERIALSPEED value="115200" />
    <LOGRAW value="False" />
    <LOGATT value="False" />
    <LOGMAG value="False" />
    <LOGRCC value="False" />
    <LOGRCX value="False" />
    <LOGMOT value="False" />
    <LOGSRV value="False" />
    <LOGNAV value="False" />
    <LOGPAR value="False" />
    <LOGDBG value="False" />
    <MAPPROVIDER value="1" />
    <SPEECH_ENABLED value="True" />
    <ANNOUNCE_ALT value="False" />
    <ANNOUNCE_VBAT value="False" />
    <ANNOUNCE_DIST value="False" />
    <ANNOUNCE_INTERVAL value="2" />
    <CELLCOUNT value="3" />
    <MAX_WP_NUMBER value="100" />
    <WP_RADIUS value="200" />
</PARAMETERS>